123456789012345, Dupont, Jean, 1980-01-01, 0612345678, jean.dupont@example.com, 1, S001, 100.00
987654321098765, Martin, Alice, 1990-05-15, 0698765432, alice.martin@example.com, 2, S002, 200.50
123123123123123, Bernard, Paul, 1985-03-20, 0687654321, paul.bernard@example.com, 3, S003, 150.75
321321321321321, Richard, Marie, 1978-07-12, 0676543210, marie.richard@example.com, 4, S004, 220.00
654654654654654, Lefevre, Louis, 1982-09-30, 0665432109, louis.lefevre@example.com, 5, S005, 180.00
789789789789789, Dubois, Sophie, 1991-11-10, 0654321098, sophie.dubois@example.com, 6, S006, 175.50
456456456456456, Moreau, Pierre, 1983-05-05, 0643210987, pierre.moreau@example.com, 7, S007, 210.25
987987987987987, Laurent, Claire, 1988-03-15, 0632109876, claire.laurent@example.com, 8, S008, 130.75
321654987123456, Fournier, Lucas, 1977-02-25, 0621098765, lucas.fournier@example.com, 9, S009, 199.99
654987321456789, Lambert, Julie, 1989-08-18, 0610987654, julie.lambert@example.com, 10, S010, 145.00
123987456654321, Michel, Nicolas, 1984-04-04, 0609876543, nicolas.michel@example.com, 11, S011, 170.25
987321654789123, Garcia, Emma, 1992-12-12, 0598765432, emma.garcia@example.com, 12, S012, 110.50
321789654987123, Martinez, David, 1987-01-30, 0587654321, david.martinez@example.com, 13, S013, 160.75
654123987789456, Leroy, Laura, 1981-06-06, 0576543210, laura.leroy@example.com, 14, S014, 225.00
789456123321789, Roussel, Antoine, 1990-10-20, 0565432109, antoine.roussel@example.com, 15, S015, 155.25
456789987654321, Morel, Elise, 1986-03-03, 0554321098, elise.morel@example.com, 16, S016, 125.50
123456789012346, Dupuis, Thomas, 1989-05-15, 0543210987, thomas.dupuis@example.com, 17, S017, 175.00
987654321098766, Petit, Charlotte, 1991-11-15, 0532109876, charlotte.petit@example.com, 18, S018, 160.00
123123123123124, Adam, Gabriel, 1979-09-09, 0521098765, gabriel.adam@example.com, 19, S019, 135.75
321321321321322, Pires, Marie, 1988-07-23, 0510987654, marie.pires@example.com, 20, S020, 120.50
654654654654655, Caron, Leo, 1985-10-01, 0609876543, leo.caron@example.com, 21, S021, 190.00
789789789789790, Blanc, Clara, 1992-08-08, 0698765432, clara.blanc@example.com, 22, S022, 155.75
456456456456457, Renaud, Hugo, 1980-06-16, 0687654321, hugo.renaud@example.com, 23, S023, 180.25
987987987987988, Fabre, Camille, 1986-12-12, 0676543210, camille.fabre@example.com, 24, S024, 115.00
321654987123457, Millet, Valentin, 1990-01-05, 0665432109, valentin.millet@example.com, 25, S025, 205.50
654987321456790, Garnier, Julie, 1983-03-18, 0654321098, julie.garnier@example.com, 26, S026, 175.00
123987456654322, Roger, Matthieu, 1981-04-25, 0643210987, matthieu.roger@example.com, 27, S027, 150.00
987321654789124, Fernandez, Emma, 1987-02-02, 0632109876, emma.fernandez@example.com, 28, S028, 140.75
321789654987124, Hubert, Louis, 1982-12-20, 0621098765, louis.hubert@example.com, 29, S029, 135.25
654123987789457, Roy, Laura, 1985-09-09, 0610987654, laura.roy@example.com, 30, S030, 165.00
789456123321790, Gauthier, Nicolas, 1990-11-30, 0609876543, nicolas.gauthier@example.com, 31, S031, 195.00
456789987654322, Henry, Elise, 1991-04-11, 0598765432, elise.henry@example.com, 32, S032, 180.75
123456789012347, Lopez, Thomas, 1983-05-05, 0587654321, thomas.lopez@example.com, 33, S033, 150.25
987654321098767, Simon, Charlotte, 1986-08-08, 0576543210, charlotte.simon@example.com, 34, S034, 125.75
123123123123125, Mercier, Gabriel, 1988-03-15, 0565432109, gabriel.mercier@example.com, 35, S035, 110.00
321321321321323, Lambert, Marie, 1979-01-20, 0554321098, marie.lambert@example.com, 36, S036, 130.50
654654654654656, Muller, Leo, 1982-07-01, 0543210987, leo.muller@example.com, 37, S037, 165.75
789789789789791, Fontaine, Clara, 1985-09-25, 0532109876, clara.fontaine@example.com, 38, S038, 150.50
456456456456458, Chevalier, Hugo, 1981-03-03, 0521098765, hugo.chevalier@example.com, 39, S039, 180.00
987987987987989, Da Silva, Camille, 1990-10-10, 0510987654, camille.dasilva@example.com, 40, S040, 140.00
321654987123458, David, Valentin, 1992-02-15, 0609876543, valentin.david@example.com, 41, S041, 170.75
654987321456791, Brun, Julie, 1986-06-06, 0698765432, julie.brun@example.com, 42, S042, 160.25
123987456654323, Leroy, Matthieu, 1984-04-04, 0687654321, matthieu.leroy@example.com, 43, S043, 190.50
987321654789125, Rolland, Emma, 1978-08-08, 0676543210, emma.rolland@example.com, 44, S044, 135.00
321789654987125, Caille, Louis, 1985-09-09, 0665432109, louis.caille@example.com, 45, S045, 195.75
654123987789458, Lefevre, Laura, 1991-05-05, 0654321098, laura.lefevre@example.com, 46, S046, 160.00
789456123321791, Perrot, Nicolas, 1987-12-12, 0643210987, nicolas.perrot@example.com, 47, S047, 120.75
456789987654323, Allard, Elise, 1992-01-01, 0632109876, elise.allard@example.com, 48, S048, 125.00
123456789012348, Joly, Thomas, 1977-07-07, 0621098765, thomas.joly@example.com, 49, S049, 135.50
987654321098768, Bouchet, Charlotte, 1989-09-09, 0610987654, charlotte.bouchet@example.com, 50, S050, 150.75
